"projectID","n_sp","n_tr","FDpg","FDw","FDwcomm","qual.FD","FRic","FDiv","FEve","FDis","FSpe","FOri","HF","HF_access","realm","elevation","ave_temp","AET","ecoregion","NPP","Tree_mean","Country","Region","Income_group","PA_cov_2017","is_PA","PA_cov"
"AFC_AFC",29,4,8.40528767658943,8.40528767658943,8.40528767658943,0.74114789556908,0.407009,0.893477,0.540063,0.782256995302582,0.597991393313979,0.0659906149807386,7.63,78,"Neotropical",169.86,21.42,1121.14,7,1979.42,4.68,"BRA","Latin America & Caribbean","Upper middle income",29.41966767,"N",7.24
"Algar_Algar",15,4,4.9402545514396,4.9402545514396,4.9402545514396,0.74114789556908,0.157201,0.835871,0.581168,0.827816779833563,0.652835007771704,0.0168949950311046,0.43,360,"Nearctic",207.71,0.34,395.43,6,2171.31,13.82,"CAN","North America","High income",9.685573936,NA,9.06
"ALP_ALP",11,4,4.21069257695564,4.21069257695564,4.21069257695564,0.74114789556908,0.035916,0.85047,0.627759,0.651440294401102,0.594318565839768,0.0126450543337426,NA,NA,NA,NA,NA,NA,NA,NA,NA,"MEX","Latin America & Caribbean","Upper middle income",14.5005326,NA,NA
"ALTC_ARIEMSG",13,4,5.07105348515922,5.07105348515922,5.07105348515922,0.74114789556908,0.124284,0.821689,0.631108,0.710905237733457,0.573508262454468,0.0886736180636955,33.5,2,"Neotropical",203.5,20.57,1089.5,1,3007.83,23,"BRA","Latin America & Caribbean","Upper middle income",29.41966767,"Y",100
"ALTC_BAF",2,4,1.22574882416178,1.22574882416178,1.22574882416178,0.74114789556908,NA,NA,NA,0.417358785241873,0.526417580177105,0.0145380638189623,5.25,84,"Neotropical",147.5,24.03,1273.25,1,4054.29,25.23,"BRA","Latin America & Caribbean","Upper middle income",29.41966767,"N",0
"ALTC_EBSL",17,4,5.63860447492826,5.63860447492826,5.63860447492826,0.74114789556908,0.167685,0.863917,0.501596,0.769269543173484,0.602011520176838,0.0248185340909615,9.71,23,"Neotropical",142,19.49,1100.88,1,3978.75,17.67,"BRA","Latin America & Caribbean","Upper middle income",29.41966767,"N",0.5
"ALTC_EEMPB",11,4,4.42556521491053,4.42556521491053,4.42556521491053,0.74114789556908,0.15724,0.834205,0.640495,0.75580593161028,0.595266124952622,0.020401292803897,7.43,134,"Neotropical",208,22.1,1007.7,1,3603.28,18.29,"BRA","Latin America & Caribbean","Upper middle income",29.41966767,"Y",100
"ALTC_FNSFP",18,4,5.79192909917343,5.79192909917343,5.79192909917343,0.74114789556908,0.202119,0.908263,0.535438,0.809749990301006,0.615186922187184,0.0140062716416453,5.28,65,"Neotropical",173.5,15.22,1139.86,1,3848.61,19.52,"BRA","Latin America & Caribbean","Upper middle income",29.41966767,"Y",100
"ALTC_INP",25,4,7.47615742216691,7.47615742216691,7.47615742216691,0.74114789556908,0.341782,0.9037,0.542482,0.793459893488919,0.602874003450751,0.0484024504745176,7.67,157,"Neotropical",157.57,20.27,1448.59,1,3969.06,23.3,"ARG","Latin America & Caribbean","High income",8.808251416,"Y",100
"ALTC_IPMM",10,4,4.63352039053654,4.63352039053654,4.63352039053654,0.74114789556908,0.099411,0.825398,0.698423,0.718361618487768,0.647425215828898,0.0224061204645288,7.94,56,"Neotropical",178.33,17.48,1358.24,1,3828.71,17.4,"BRA","Latin America & Caribbean","Upper middle income",29.41966767,"N",0
"ALTC_LNPUBR",21,4,7.54878936287431,7.54878936287431,7.54878936287431,0.74114789556908,0.137419,0.886924,0.588714,0.735365760364655,0.609046161466847,0.0403159595047929,6.18,35,"Neotropical",149.83,23.35,1161.15,1,4001.19,23.46,"BRA","Latin America & Caribbean","Upper middle income",29.41966767,"Y",64.06
"ALTC_PEIG",9,4,4.36972076159095,4.36972076159095,4.36972076159095,0.74114789556908,0.018982,0.939551,0.698643,0.747489198197011,0.598369144998642,0.0265819356501364,6.84,NA,"Neotropical",0,21.29,1234.55,1,3919.79,19.7,"BRA","Latin America & Caribbean","Upper middle income",29.41966767,"Y",100
"ALTC_PERD",23,4,7.18193254321271,7.18193254321271,7.18193254321271,0.74114789556908,0.339161,0.908189,0.52276,0.819038025719607,0.621244982408358,0.0469742873120658,7.89,1,"Neotropical",230.6,22.87,965.57,1,3965.57,27.55,"BRA","Latin America & Caribbean","Upper middle income",29.41966767,"Y",100
"ALTC_PESB",16,4,5.85739886544977,5.85739886544977,5.85739886544977,0.74114789556908,0.191486,0.908753,0.589416,0.776325056136143,0.596455955061464,0.0554025307103098,5.88,52,"Neotropical",179,15.86,1137.07,1,3476.67,24.91,"BRA","Latin America & Caribbean","Upper middle income",29.41966767,"Y",100
"ALTC_PESMSV",15,4,5.27242109823307,5.27242109823307,5.27242109823307,0.74114789556908,0.179704,0.865599,0.503932,0.740428738312009,0.584818811232443,0.0200106659894922,8.99,96,"Neotropical",203.76,19.03,1238.05,1,3807.31,25.58,"BRA","Latin America & Caribbean","Upper middle income",29.41966767,"Y",100
"ALTC_PESS",14,4,5.95753388643292,5.95753388643292,5.95753388643292,0.74114789556908,0.224515,0.888524,0.681085,0.790486540561949,0.619777202169611,0.0199864880810498,8.49,83,"Neotropical",165,21.31,1049.46,1,3056.53,16.33,"BRA","Latin America & Caribbean","Upper middle income",29.41966767,"Y",100
"ALTC_PEST",29,4,8.42934261302376,8.42934261302376,8.42934261302376,0.74114789556908,0.43627,0.897328,0.596132,0.79136562856257,0.607188450902597,0.0520131029648307,6.29,3,"Neotropical",185,17.17,1078.61,1,3967.54,22.02,"BRA","Latin America & Caribbean","Upper middle income",29.41966767,"Y",100
"ALTC_PESTREC",17,4,5.59642483939172,5.59642483939172,5.59642483939172,0.74114789556908,0.179245,0.898678,0.519609,0.769052545388488,0.600753310484758,0.0268901125082249,6.23,56,"Neotropical",185,17.16,1081.4,1,3971.22,21.94,"BRA","Latin America & Caribbean","Upper middle income",29.41966767,"Y",95.24
"ALTC_PF",3,4,1.24980146485744,1.24980146485744,1.24980146485744,0.74114789556908,NA,NA,0.158023,0.381170549767162,0.533524293075451,0.0096920425459749,6.5,115,"Neotropical",88,23.94,1233.81,1,3796.05,19.05,"BRA","Latin America & Caribbean","Upper middle income",29.41966767,"Y",99.98
"ALTC_PNIU",28,4,7.88341901498247,7.88341901498247,7.88341901498247,0.74114789556908,0.36225,0.893081,0.501919,0.79954645383763,0.608678024620735,0.0263536482036319,6.25,11,"Neotropical",191.05,19.45,1430.14,1,3960.98,23.31,"BRA","Latin America & Caribbean","Upper middle income",29.41966767,"Y",100
"ALTC_PSF",1,4,0.67726605236432,0.67726605236432,0.67726605236432,0.74114789556908,NA,NA,NA,0,0.554192802729846,0.0690821252978959,5.25,59,"Neotropical",85,23.77,1242.75,1,4079.81,18.62,"BRA","Latin America & Caribbean","Upper middle income",29.41966767,"Y",100
"ALTC_RBA",5,4,2.38575169495288,2.38575169495288,2.38575169495288,0.74114789556908,0.00011,0.752686,0.687309,0.551117366641852,0.640075291353658,0.0281634574612555,9.7,45,"Neotropical",125,15.74,1121.71,1,3821.25,21.73,"BRA","Latin America & Caribbean","Upper middle income",29.41966767,"Y",100
"ALTC_RBDB",5,4,2.86187894523891,2.86187894523891,2.86187894523891,0.74114789556908,0.001439,0.864246,0.870554,0.690350993460717,0.599151038449439,0.0236046353584393,9.48,54,"Neotropical",209,20.89,1041.34,1,4086.32,26.59,"BRA","Latin America & Caribbean","Upper middle income",29.41966767,"N",0
"ALTC_RBEA",19,4,6.81656049296954,6.81656049296954,6.81656049296954,0.74114789556908,0.294351,0.890486,0.577349,0.801607185908997,0.611452325455864,0.0231775359296689,5.29,102,"Neotropical",224,15.89,1137.97,1,3729.44,19.25,"BRA","Latin America & Caribbean","Upper middle income",29.41966767,"Y",100
"ALTC_RBES",19,4,5.42339552839096,5.42339552839096,5.42339552839096,0.74114789556908,0.150255,0.868911,0.456727,0.795090819041846,0.616023517755096,0.0227024535410007,3.4,158,"Neotropical",178,15.92,1207.99,1,3957.86,5.21,"BRA","Latin America & Caribbean","Upper middle income",29.41966767,"Y",100
"ALTC_RBG",9,4,4.58500922035568,4.58500922035568,4.58500922035568,0.74114789556908,0.129684,0.861495,0.857223,0.789605581538154,0.608855489801797,0.0187334607975858,16.45,70,"Neotropical",83.5,24.87,986.11,1,3335.85,16.93,"BRA","Latin America & Caribbean","Upper middle income",29.41966767,"Y",100
"ALTC_REM",9,4,3.48022710264624,3.48022710264624,3.48022710264624,0.74114789556908,0.00243,0.841578,0.517836,0.634104415853376,0.61837616216781,0.0318186425633828,11.42,38,"Neotropical",197,23.99,1281.69,1,3779.28,9.78,"BRA","Latin America & Caribbean","Upper middle income",29.41966767,"N",0
"ALTC_RPPNAM",22,4,6.94247330738988,6.94247330738988,6.94247330738988,0.74114789556908,0.271869,0.848957,0.563255,0.714083133282249,0.568125283169379,0.0397738721462865,9.96,25,"Neotropical",126,15.72,1119.56,7,3623.44,24.62,"BRA","Latin America & Caribbean","Upper middle income",29.41966767,"Y",99.86
"ALTC_RPPNCE",14,4,6.34303271101692,6.34303271101692,6.34303271101692,0.74114789556908,0.191026,0.922345,0.739728,0.767435649591382,0.588958790895379,0.0585248498279087,29.45,19,"Neotropical",141,19.65,1249.44,1,4096.5,6.67,"BRA","Latin America & Caribbean","Upper middle income",29.41966767,"Y",100
"ALTC_RPPNEV",13,4,5.36395380406143,5.36395380406143,5.36395380406143,0.74114789556908,0.250829,0.851728,0.708337,0.786198353208313,0.603830761586146,0.0235420749931302,5.71,57,"Neotropical",167,23.9,1197.17,1,4057.39,26.18,"BRA","Latin America & Caribbean","Upper middle income",29.41966767,"N",1.77
"ALTC_RPPNGFA",18,4,5.6249413631917,5.6249413631917,5.6249413631917,0.74114789556908,0.24004,0.873484,0.526068,0.764799634016399,0.599751423680403,0.0264845874436919,3.82,111,"Neotropical",174.17,13.64,1095.45,1,3976.13,21.81,"BRA","Latin America & Caribbean","Upper middle income",29.41966767,"Y",100
"ALTC_RPPNLM",19,4,6.5417551491884,6.5417551491884,6.5417551491884,0.74114789556908,0.292863,0.878448,0.608677,0.784536280434203,0.602128669171988,0.021738638525575,3.25,63,"Neotropical",197,14.24,1109.5,1,4074.5,25.5,"BRA","Latin America & Caribbean","Upper middle income",29.41966767,"Y",100
"ALTC_RPPNRF",11,4,5.01782773502257,5.01782773502257,5.01782773502257,0.74114789556908,0.129816,0.887017,0.675129,0.798613007487472,0.625213330807061,0.0235873068657775,6.73,55,"Neotropical",161.5,15.74,1143,1,4055.5,21,"BRA","Latin America & Caribbean","Upper middle income",29.41966767,"Y",100
"ALTC_RPPNSC",8,4,3.35363631813838,3.35363631813838,3.35363631813838,0.74114789556908,0.047793,0.766273,0.589616,0.667388712478524,0.594167358980071,0.0206760949655545,3.82,33,"Neotropical",184.75,17.04,1091.05,1,2693.14,12.43,"BRA","Latin America & Caribbean","Upper middle income",29.41966767,"Y",100
"ALTC_UWR",26,4,7.48525040784461,7.48525040784461,7.48525040784461,0.74114789556908,0.327159,0.903901,0.494196,0.771764397127854,0.595422298026476,0.0272917696851999,3.15,157,"Neotropical",181.33,19.45,1426.25,1,4077.38,27.38,"ARG","Latin America & Caribbean","High income",8.808251416,"Y",100
"ALTC_YBR",23,4,6.98963714932809,6.98963714932809,6.98963714932809,0.74114789556908,0.298425,0.872818,0.539788,0.785460888720854,0.600085653532737,0.019299437317941,3.97,62,"Neotropical",213.89,19.08,1373.37,1,4024,25.61,"ARG","Latin America & Caribbean","High income",8.808251416,"Y",97.4
"ANP_ANP",30,4,8.75804925776808,8.75804925776808,8.75804925776808,0.74114789556908,0.349988,0.859071,0.576221,0.757799747240548,0.587548537114379,0.0303644457849622,2.16,917,"Neotropical",91.4,26.59,1419.5,1,3908.68,31.77,"BRA","Latin America & Caribbean","Upper middle income",29.41966767,"Y",71.44
"AU_SL_SriLanka_Yala",11,4,3.55194245890338,3.55194245890338,3.55194245890338,0.74114789556908,0.017125,0.847663,0.630334,0.693076194723365,0.579160585548765,0.00816140261118031,12.89,78,"Indo-Malay",94.5,27.66,918.5,2,2215,6.97,"LKA","South Asia","Lower middle income",29.8619989,NA,30.99
"BES_BES",21,4,6.75639075360235,6.75639075360235,6.75639075360235,0.74114789556908,0.333948,0.873181,0.625881,0.76040045441156,0.616055526308278,0.0236406633965839,12,50,"Afrotropical",150.25,21.42,607.36,1,2337.99,9,"ZAF","Sub-Saharan Africa","Upper middle income",7.998164921,"Y",72.72
"BFA_BFA",10,4,4.17816283382846,4.17816283382846,4.17816283382846,0.74114789556908,0.081818,0.873676,0.68582,0.761494256839667,0.603255993949562,0.0208907039592503,32,45,"Nearctic",141,8.25,716.75,4,2194.62,17,"USA","North America","High income",12.99387202,"N",0
"CFK_CFK",13,4,4.91798346784683,4.91798346784683,4.91798346784683,0.74114789556908,0.205423,0.852401,0.737765,0.742868894945492,0.604589528209603,0.0651511949674874,NA,NA,"Afrotropical",0,NA,NA,NA,NA,0,"ZAF","Sub-Saharan Africa","Upper middle income",7.998164921,"N",0
"CHM_2012_Amotape_2012",14,4,5.43008214026557,5.43008214026557,5.43008214026557,0.74114789556908,0.173915,0.864369,0.585809,0.7305452198481,0.575402559869603,0.0234214411377831,4.87,142,"Neotropical",151.75,23.54,736.41,1,3467.4,22.8,"PER","Latin America & Caribbean","Upper middle income",21.31417279,NA,100
"CHM_2013_Cashu_2013",15,4,6.19882621779416,6.19882621779416,6.19882621779416,0.74114789556908,0.248478,0.848791,0.675847,0.791623481250046,0.604865274505628,0.0761039464863765,0,1117,"Neotropical",210.5,25.05,1572.12,1,4046.74,25.56,"PER","Latin America & Caribbean","Upper middle income",21.31417279,NA,100
"CRG_CRG",3,4,1.9030148765261,1.9030148765261,1.9030148765261,0.74114789556908,NA,NA,0.881652,0.64594483140026,0.561474012966967,0.00187587268277524,1.25,110,"Neotropical",202.5,15.2,175.33,10,350.75,6,"ARG","Latin America & Caribbean","High income",8.808251416,"Y",100
"CRL_CRL",24,4,7.40339513300077,7.40339513300077,7.40339513300077,0.74114789556908,0.351241,0.880753,0.552968,0.789616450959081,0.601684065036137,0.0558167598160117,3.3,1057,"Neotropical",167.05,26.46,1391.13,1,3438.43,20.68,"BRA","Latin America & Caribbean","Upper middle income",29.41966767,"N",2.77
"CTF_DFR",24,4,7.3783999834865,7.3783999834865,7.3783999834865,0.74114789556908,0.364462,0.847348,0.613384,0.765708021001653,0.595824018201053,0.0225667112069033,5.77,260,"Indo-Malay",101,26.88,1502.56,1,4023.7,32.84,"MYS","East Asia & Pacific","Upper middle income",19.11931656,"N",0
"CTF_SLFR",22,4,7.15226752405857,7.15226752405857,7.15226752405857,0.74114789556908,0.376616,0.854633,0.63072,0.770049300804373,0.598510863965909,0.0233952241732791,6.11,455,"Indo-Malay",107.71,26.84,1503.26,1,4013.4,32.31,"MYS","East Asia & Pacific","Upper middle income",19.11931656,"N",0
"CTF_TFR",23,4,7.15719557177062,7.15719557177062,7.15719557177062,0.74114789556908,0.376629,0.838648,0.609527,0.759799258263851,0.594263706885205,0.0231424504473321,4.43,120,"Indo-Malay",155.33,27.15,1508.18,1,4084.46,28.93,"MYS","East Asia & Pacific","Upper middle income",19.11931656,"N",0
"DBP_BL",11,4,4.7945451946134,4.7945451946134,4.7945451946134,0.74114789556908,0.174485,0.887293,0.697118,0.790084134162274,0.611435736555639,0.0193404040175413,NA,NA,NA,NA,NA,NA,NA,NA,NA,"BRA","Latin America & Caribbean","Upper middle income",29.41966767,NA,NA
"DBP_IC",11,4,4.74818768651499,4.74818768651499,4.74818768651499,0.74114789556908,0.186914,0.92673,0.704762,0.797913526669532,0.605422480027307,0.00794791016517112,NA,NA,NA,NA,NA,NA,NA,NA,NA,"BRA","Latin America & Caribbean","Upper middle income",29.41966767,NA,NA
"DBP_ITA",8,4,4.21509161367756,4.21509161367756,4.21509161367756,0.74114789556908,0.109801,0.859146,0.752219,0.79658442982879,0.614040396923593,0.0210349290917852,NA,NA,NA,NA,NA,NA,NA,NA,NA,"BRA","Latin America & Caribbean","Upper middle income",29.41966767,NA,NA
"DBP_VG",8,4,3.87709669319187,3.87709669319187,3.87709669319187,0.74114789556908,0.127054,0.850073,0.803486,0.780577710167569,0.617444845630317,0.0203601324632471,NA,NA,NA,NA,NA,NA,NA,NA,NA,"BRA","Latin America & Caribbean","Upper middle income",29.41966767,NA,NA
"EAM_MAH",10,4,4.69797469713308,4.69797469713308,4.69797469713308,0.74114789556908,0.13296,0.932144,0.668521,0.789631343003312,0.61905457066869,0.0217140023150121,NA,NA,NA,NA,NA,NA,NA,NA,NA,"TZA","Sub-Saharan Africa","Low income",38.14557627,NA,NA
"EAM_NGR",14,4,6.28931201763856,6.28931201763856,6.28931201763856,0.74114789556908,0.245954,0.891504,0.626626,0.798518888721908,0.624386891237723,0.0274695159842593,NA,NA,NA,NA,NA,NA,NA,NA,NA,"TZA","Sub-Saharan Africa","Low income",38.14557627,NA,NA
"EAM_NGU",16,4,6.85220508166251,6.85220508166251,6.85220508166251,0.74114789556908,0.311284,0.878161,0.667066,0.793250769647998,0.62611088341953,0.0248870890179215,NA,NA,NA,NA,NA,NA,NA,NA,NA,"TZA","Sub-Saharan Africa","Low income",38.14557627,NA,NA
"EAM_NPR",12,4,5.59790321120604,5.59790321120604,5.59790321120604,0.74114789556908,0.138386,0.897506,0.774355,0.737725962111071,0.573047588103699,0.0318342981356682,NA,NA,NA,NA,NA,NA,NA,NA,NA,"TZA","Sub-Saharan Africa","Low income",38.14557627,NA,NA
"EAM_RBH",15,4,6.29525928312268,6.29525928312268,6.29525928312268,0.74114789556908,0.252787,0.879929,0.627223,0.791916452082775,0.626248918406696,0.0257358404400073,NA,NA,NA,NA,NA,NA,NA,NA,NA,"TZA","Sub-Saharan Africa","Low income",38.14557627,NA,NA
"EAM_UDZ",32,4,9.54776645841812,9.54776645841812,9.54776645841812,0.74114789556908,0.513939,0.907168,0.6079,0.804678420881682,0.607961246647208,0.0354140776644572,NA,NA,NA,NA,NA,NA,NA,NA,NA,"TZA","Sub-Saharan Africa","Low income",38.14557627,NA,NA
"EAM_UKA",4,4,2.13615589973865,2.13615589973865,2.13615589973865,0.74114789556908,NA,NA,0.627403,0.502794995456958,0.635313265056974,0.00430823537068107,NA,NA,NA,NA,NA,NA,NA,NA,NA,"TZA","Sub-Saharan Africa","Low income",38.14557627,NA,NA
"EAM_ULU",6,4,2.92271989457134,2.92271989457134,2.92271989457134,0.74114789556908,0.006979,0.815304,0.61647,0.681901510553924,0.66580318483564,0.0128023090788256,NA,NA,NA,NA,NA,NA,NA,NA,NA,"TZA","Sub-Saharan Africa","Low income",38.14557627,NA,NA
"EMML_AACT",11,4,3.85322017254194,3.85322017254194,3.85322017254194,0.74114789556908,0.041833,0.867352,0.635444,0.697293251076236,0.569278940166956,0.0212043434763522,27.82,1,"Nearctic",120.86,8.19,738.06,4,1991.28,18.04,"USA","North America","High income",12.99387202,"N",1.2
"EMML_AS",23,4,8.15668774239083,8.15668774239083,8.15668774239083,0.74114789556908,0.391299,0.893463,0.665336,0.785371944794938,0.597442884856614,0.0348792388983729,7.47,54,"Afrotropical",120.25,25.59,832.08,1,3794.28,11.54,NA,NA,NA,NA,"Y",100
"EMML_ATP",16,4,5.56879257471587,5.56879257471587,5.56879257471587,0.74114789556908,0.187405,0.881829,0.599283,0.785716725392904,0.616096572258318,0.0210913347458766,12.41,16,"Nearctic",175.53,11.09,833.3,4,2687.96,21.18,"USA","North America","High income",12.99387202,"N",4.83
"EMML_CARL",12,4,4.94575772169176,4.94575772169176,4.94575772169176,0.74114789556908,0.165188,0.875639,0.677599,0.782413837698735,0.613324338254658,0.0205708734787852,19,27,"Nearctic",166,13.08,1035,4,3816,27.33,"USA","North America","High income",12.99387202,"Y",98.53
"EMML_CBWC",9,4,4.14375962070769,4.14375962070769,4.14375962070769,0.74114789556908,0.073089,0.918102,0.715249,0.795825867668167,0.611393366491735,0.0224284698980931,29.43,13,"Nearctic",84,9.92,814,4,2828.27,20.48,"USA","North America","High income",12.99387202,"Y",82.47
"EMML_CHIR",15,4,5.06233866814826,5.06233866814826,5.06233866814826,0.74114789556908,0.067733,0.832501,0.601539,0.789202779110035,0.618287841778152,0.0208363359894911,0.26,92,"Nearctic",194.5,13.25,449.4,3,1809.07,15.74,"USA","North America","High income",12.99387202,"Y",89.57
"EMML_DYTP",28,4,8.38216973522781,8.38216973522781,8.38216973522781,0.74114789556908,0.49502,0.913128,0.584242,0.82041268115493,0.624014955696131,0.0188777044854666,6.34,155,"Indo-Malay",184,25.83,999.24,2,3934.81,19.99,NA,NA,NA,NA,"Y",98.94
"EMML_EWP",7,4,2.7691791386505,2.7691791386505,2.7691791386505,0.74114789556908,0.005235,0.946305,0.60757,0.754326196664639,0.590599428366562,0.023376790037361,10.06,37,"Nearctic",121,11.24,831.25,4,2871.1,23.49,NA,NA,NA,NA,NA,31.47
"EMML_FLWP",9,4,3.75710514596466,3.75710514596466,3.75710514596466,0.74114789556908,0.0678,0.914144,0.695565,0.762753713811304,0.597345068735127,0.0214973667242738,13.55,36,"Nearctic",182.32,7.97,691.94,4,2181.32,13.86,NA,NA,NA,NA,NA,0.17
"EMML_FMP",1,4,0.67726605236432,0.67726605236432,0.67726605236432,0.74114789556908,NA,NA,NA,0,0.448032083614811,0.031710635038544,NA,NA,NA,NA,NA,NA,NA,NA,NA,NA,NA,NA,NA,NA,NA
"EMML_HKK",30,4,8.07134073365782,8.07134073365782,8.07134073365782,0.74114789556908,0.435263,0.882963,0.562218,0.802044392391819,0.617310782807979,0.0279105320244379,4.1,816,"Indo-Malay",208,24.67,998.59,1,3488.37,20.77,NA,NA,NA,NA,"Y",100
"EMML_ICTS",12,4,4.51463066728892,4.51463066728892,4.51463066728892,0.74114789556908,0.096022,0.890268,0.626833,0.77085401996447,0.602277043020247,0.0184733998305461,15.06,74,"Nearctic",144.64,10.85,827.24,4,2507.05,16.4,"USA","North America","High income",12.99387202,"N",12.91
"EMML_LEAF",7,4,3.32931512625894,3.32931512625894,3.32931512625894,0.74114789556908,0.026784,0.902699,0.685136,0.797683378723327,0.624715965635833,0.0192005893208638,39.3,1,"Nearctic",0,10.15,548.71,5,2319.04,18.31,"USA","North America","High income",12.99387202,"N",0
"EMML_MKLB",10,4,4.17816283382846,4.17816283382846,4.17816283382846,0.74114789556908,0.081483,0.874232,0.686337,0.761218118779193,0.602831012745017,0.0214160185637933,29.42,16,"Nearctic",185,15.45,932.31,4,2942.42,21.66,"USA","North America","High income",12.99387202,"N",5.29
"EMML_MKS",29,4,8.48519941293219,8.48519941293219,8.48519941293219,0.74114789556908,0.36844,0.892138,0.53011,0.801179520420417,0.608326838910993,0.0342228066985042,4.71,32,"Afrotropical",206,9.38,977.81,1,2292.47,20.93,NA,NA,NA,NA,"Y",100
"EMML_NCCC",20,4,6.9072988613709,6.9072988613709,6.9072988613709,0.74114789556908,0.261778,0.888459,0.591972,0.78396616712624,0.596379283683861,0.0204374337714086,13.94,95,"Nearctic",138.44,15.12,987.39,4,2753.63,17.06,"USA","North America","High income",12.99387202,"N",9.28
"EMML_NCSU",12,4,4.51463066728892,4.51463066728892,4.51463066728892,0.74114789556908,0.095851,0.890395,0.627107,0.770842830928765,0.602200107050025,0.0184733998305461,34.51,5,"Nearctic",77.75,15.24,935.95,4,1356.87,16.41,"USA","North America","High income",12.99387202,"N",3.23
"EMML_OPRI",15,4,4.83401797042856,4.83401797042856,4.83401797042856,0.74114789556908,0.117043,0.823099,0.546154,0.647940942035084,0.559732094703396,0.0186269117761326,2.34,225,"Nearctic",185.37,21.45,185.98,13,708.84,1.8,"USA","North America","High income",12.99387202,"Y",93.99
"EMML_PA",24,4,7.58740273390358,7.58740273390358,7.58740273390358,0.74114789556908,0.349714,0.875128,0.575481,0.792012612863598,0.607505863049682,0.0506611120725167,0,2205,"Neotropical",159,25.42,1662.11,1,3873.54,37.47,NA,NA,NA,NA,"N",0
"EMML_PRP",11,4,4.17804248032551,4.17804248032551,4.17804248032551,0.74114789556908,0.074929,0.881341,0.607711,0.804899098459633,0.62796634167869,0.0220097556496775,27.11,0,"Nearctic",112.38,15.56,954.23,4,1988.36,13.84,NA,NA,NA,NA,NA,0.63
"EMML_RBS",9,4,3.54357634614572,3.54357634614572,3.54357634614572,0.74114789556908,0.032468,0.880099,0.643508,0.731789314515735,0.591934654211457,0.021324012314502,24.9,6,"Nearctic",91.7,15.35,945.75,4,2479.48,18.77,"USA","North America","High income",12.99387202,"N",0.76
"EMML_REMA",18,4,5.60807820327398,5.60807820327398,5.60807820327398,0.74114789556908,0.189072,0.877325,0.557117,0.806513982591089,0.621123273567977,0.0229091155503906,13.24,11,"Nearctic",162.56,13.16,914.75,4,2788.11,21.25,"USA","North America","High income",12.99387202,"N",4.19
"EMML_RLWK",9,4,3.32597809156182,3.32597809156182,3.32597809156182,0.74114789556908,0.028512,0.91362,0.627863,0.736598598552726,0.57496675442505,0.0209293150183359,38.24,0,"Nearctic",115,15.31,937.66,4,784.42,15.2,"USA","North America","High income",12.99387202,"N",0
"EMML_SBMP",5,4,2.63278951460805,2.63278951460805,2.63278951460805,0.74114789556908,0.003294,0.903305,0.781224,0.780843691524429,0.641682599360966,0.0304222457916686,NA,NA,NA,NA,NA,NA,NA,NA,NA,NA,NA,NA,NA,NA,NA
"EMML_SCBI",9,4,4.09850605119426,4.09850605119426,4.09850605119426,0.74114789556908,0.111684,0.876219,0.696874,0.801330669884508,0.625191921814788,0.0259241002170957,16,39,"Nearctic",121,11.72,832,4,2818.5,27,"USA","North America","High income",12.99387202,"N",0
"EMML_SCBIF",11,4,4.93535024283127,4.93535024283127,4.93535024283127,0.74114789556908,0.197578,0.93638,0.743299,0.803427882108125,0.606031918514861,0.0223905290745586,16.18,37,"Nearctic",121,11.6,831.5,4,2978.2,21,"USA","North America","High income",12.99387202,"N",2.09
"EMML_SDK",42,4,9.74333113254455,9.74333113254455,9.74333113254455,0.74114789556908,0.525095,0.877746,0.52758,0.769497780651324,0.624960591824436,0.0396589511375014,6.93,132,"Afrotropical",205.5,18.1,592.2,1,1262.56,7.43,NA,NA,NA,NA,NA,41.01
"EMML_SDNA",13,4,5.23844009117296,5.23844009117296,5.23844009117296,0.74114789556908,0.174523,0.883535,0.717729,0.784919800704736,0.615619522747049,0.0593712233893654,16.64,26,"Nearctic",144.59,15.53,981.21,4,2663.7,17.23,NA,NA,NA,NA,NA,0.87
"EMML_SEQU",6,4,3.27423324883553,3.27423324883553,3.27423324883553,0.74114789556908,0.008486,0.859574,0.865394,0.747900695110179,0.617195706113447,0.014787177018865,1.47,229,"Nearctic",217.7,4.17,489.77,5,1520.89,15.77,"USA","North America","High income",12.99387202,"Y",96.12
"EMML_SERCF",6,4,2.71978892196615,2.71978892196615,2.71978892196615,0.74114789556908,0.004645,0.886274,0.638097,0.755353970342049,0.614360652491854,0.0219878158704972,31.6,6,"Nearctic",126,13.31,843,4,3106.67,12,"USA","North America","High income",12.99387202,"N",24.01
"EMML_SGP",8,4,3.26654330212354,3.26654330212354,3.26654330212354,0.74114789556908,0.02682,0.904835,0.681842,0.727336447749935,0.581443643058485,0.0232974583541825,37,1,"Nearctic",88,15.25,932,4,2387,22.5,"USA","North America","High income",12.99387202,"N",0
"EMML_SH",25,4,8.79987984327991,8.79987984327991,8.79987984327991,0.74114789556908,0.486536,0.910442,0.670683,0.833436981374543,0.627743989690624,0.0423396356968115,10.3,20,"Afrotropical",130.5,24.55,943.76,1,3236.91,10.79,NA,NA,NA,NA,"Y",100
"EMML_SMTB",14,4,5.26032884498498,5.26032884498498,5.26032884498498,0.74114789556908,0.178653,0.899058,0.639852,0.771850677436228,0.60639297477028,0.0216246296723724,4.36,78,"Nearctic",207,12.72,947.92,4,3152.04,29.08,"USA","North America","High income",12.99387202,"N",0
"EMML_SSAM",5,4,2.89094088384025,2.89094088384025,2.89094088384025,0.74114789556908,0.003634,0.914152,0.914779,0.728983503452748,0.591918352330802,0.0144262162909366,0.16,187,"Nearctic",162,4.35,720.53,4,2544.5,20.72,"USA","North America","High income",12.99387202,"Y",67.46
"EMML_TCTS",11,4,4.45519587785064,4.45519587785064,4.45519587785064,0.74114789556908,0.093135,0.858293,0.659766,0.760134139168166,0.609470260989581,0.0199724208759082,16.21,43,"Nearctic",120.92,15.48,961.54,4,2600.89,15.87,"USA","North America","High income",12.99387202,"N",0.46
"EMML_TNCC",12,4,4.96556888786893,4.96556888786893,4.96556888786893,0.74114789556908,0.17181,0.888191,0.694743,0.778727537520351,0.599992116219969,0.0219504695315265,13.76,111,"Nearctic",174.84,14.2,958.75,4,2909.12,20.76,"USA","North America","High income",12.99387202,"N",1.25
"EMML_TRCFP",11,4,4.464421843045,4.464421843045,4.464421843045,0.74114789556908,0.078006,0.818134,0.581821,0.721789516172919,0.617507723425711,0.0249788645616561,35.28,6,"Nearctic",161,12.64,842.5,8,2869,20,NA,NA,NA,NA,NA,0
"EMML_UCSC",8,4,4.30158232773535,4.30158232773535,4.30158232773535,0.74114789556908,0.155592,0.902573,0.886833,0.811229293998089,0.62412582210147,0.0209894907424289,27.06,3,"Nearctic",88,13.84,604,5,3961.2,36.4,"USA","North America","High income",12.99387202,"N",56.28
"EMML_UTW",15,4,6.0982272157962,6.0982272157962,6.0982272157962,0.74114789556908,0.235639,0.9171,0.673021,0.775603587613591,0.591565803340887,0.0197881542075163,13.89,57,"Nearctic",158.06,12.01,833.39,4,2622.28,19.06,"USA","North America","High income",12.99387202,"N",6.5
"EMML_WCDI",10,4,4.26660517993825,4.26660517993825,4.26660517993825,0.74114789556908,0.074288,0.879595,0.700229,0.748821589011128,0.612128942433851,0.0190044246048911,22.03,6,"Nearctic",155,12.93,834,4,2574.36,19.97,NA,NA,NA,NA,NA,0
"EMML_WVUWF",9,4,3.98474797330249,3.98474797330249,3.98474797330249,0.74114789556908,0.065527,0.892079,0.709209,0.762400255096613,0.615010999162089,0.0208177031002673,30.74,59,"Nearctic",181.5,10.7,850.31,4,2583.33,20.08,NA,NA,NA,NA,NA,2.39
"EMML_WYWP",8,4,3.62658429105749,3.62658429105749,3.62658429105749,0.74114789556908,0.029578,0.832276,0.644127,0.777140240847652,0.643959247230782,0.020319867484751,24.43,34,"Nearctic",119.09,12.74,830.53,4,1654.77,16.04,NA,NA,NA,NA,NA,1.62
"EPF_EPF",11,4,4.34176123308688,4.34176123308688,4.34176123308688,0.74114789556908,0.017418,0.929246,0.596101,0.714678823082754,0.580290042062255,0.0257043712761733,7.83,79,"Neotropical",195.25,18.08,1101.82,1,2693.37,8.11,"BRA","Latin America & Caribbean","Upper middle income",29.41966767,"N",0
"ERW_ERW",2,4,1.35453210472864,1.35453210472864,1.35453210472864,0.74114789556908,NA,NA,NA,0.754850199906663,0.590301890470151,0.0207347186280612,NA,NA,NA,NA,NA,NA,NA,NA,NA,"USA","North America","High income",12.99387202,NA,NA
"FRD_FM",15,4,5.70346790002395,5.70346790002395,5.70346790002395,0.74114789556908,0.183225,0.882827,0.571788,0.752964979574422,0.586772931012737,0.0223231704785347,5.66,91,"Neotropical",209,23.44,989.82,1,3138.7,13.34,"BRA","Latin America & Caribbean","Upper middle income",29.41966767,"N",23.78
"FRD_FMA",15,4,6.25294416229319,6.25294416229319,6.25294416229319,0.74114789556908,0.260161,0.899048,0.665655,0.784727504807756,0.604004508893009,0.0180571056140652,8.93,22,"Neotropical",208,21.51,1009.02,1,2944.42,17.11,"BRA","Latin America & Caribbean","Upper middle income",29.41966767,"N",0
"FRD_MS",13,4,5.10779766666871,5.10779766666871,5.10779766666871,0.74114789556908,0.086001,0.91419,0.602511,0.745781822054155,0.5833716593436,0.0199966882602519,9.82,37,"Neotropical",191,19.54,1032.72,1,2930.04,15.2,"BRA","Latin America & Caribbean","Upper middle income",29.41966767,"N",0
"FRD_RD",13,4,4.78285150987253,4.78285150987253,4.78285150987253,0.74114789556908,0.202628,0.9044,0.556706,0.830130587242206,0.634712513753076,0.0690373233047354,4.66,85,"Neotropical",209,22.87,970.33,1,4022.07,30.4,"BRA","Latin America & Caribbean","Upper middle income",29.41966767,"Y",97.37
"FRD_SB",12,4,5.00077796684928,5.00077796684928,5.00077796684928,0.74114789556908,0.115021,0.904952,0.605952,0.767881836713741,0.597358639457969,0.0261320351773459,5.95,46,"Neotropical",179,16.18,1134.34,1,3482.43,23.69,"BRA","Latin America & Caribbean","Upper middle income",29.41966767,"N",59.65
"FRD_SS",11,4,5.46561939661387,5.46561939661387,5.46561939661387,0.74114789556908,0.193919,0.862817,0.769851,0.771239969083084,0.611726288907923,0.0203437439776996,16,63,"Neotropical",213,22.36,989.57,1,2200.36,8.5,"BRA","Latin America & Caribbean","Upper middle income",29.41966767,"N",0
"FRL_FRL",11,4,4.34173111084623,4.34173111084623,4.34173111084623,0.74114789556908,0.152432,0.875688,0.656308,0.754054702366842,0.625467619272815,0.00985991393851522,14.02,NA,"Indo-Malay",90,25.81,1003.46,1,2634.62,10.69,"IDN","East Asia & Pacific","Lower middle income",12.16569636,"Y",96.13
"GC",29,4,9.51662879779816,9.51662879779816,9.51662879779816,0.74114789556908,0.502535,0.922025,0.643201,0.843100557293817,0.637233738779964,0.022138198907878,6.58,200,"Afrotropical",160.15,27.38,887.06,7,2036.46,8.68,NA,NA,NA,NA,"Y",100
"GTPR_GT",22,4,6.58444944747351,6.58444944747351,6.58444944747351,0.74114789556908,0.222597,0.891484,0.487424,0.785868437171926,0.610623324318534,0.0170217503102233,3.08,906,"Neotropical",151,24.73,1132.75,1,4095.33,23.47,"GTM","Latin America & Caribbean","Upper middle income",20.04787908,"Y",95.3
"GTPR_PR",24,4,7.62577692022521,7.62577692022521,7.62577692022521,0.74114789556908,0.344355,0.901857,0.544316,0.789679441050669,0.601207014775881,0.0524407160323405,2.13,574,"Neotropical",172.14,24.51,1391.26,1,4016.25,37.13,"PER","Latin America & Caribbean","Upper middle income",21.31417279,"N",0
"GYS_GYS",17,4,5.32211648072428,5.32211648072428,5.32211648072428,0.74114789556908,0.298516,0.830405,0.612566,0.743767657915575,0.612050492959858,0.0156582525999541,4.81,124,"Palearctic",223,7.4,711.54,4,2585.33,25.52,"CHN","East Asia & Pacific","Upper middle income",15.44904196,"N",0
"HMLAF_HMLAF",15,4,5.83255518029235,5.83255518029235,5.83255518029235,0.74114789556908,0.180726,0.83906,0.679777,0.707112550906448,0.570203388734848,0.0450649641628759,36.06,0,"Neotropical",205,20.85,1069.5,1,1541.19,3.4,"BRA","Latin America & Caribbean","Upper middle income",29.41966767,"N",0
"HRH_HRH",20,4,6.24156025846093,6.24156025846093,6.24156025846093,0.74114789556908,0.183436,0.827665,0.488154,0.706944990452622,0.578439204954089,0.0322683125807716,NA,NA,NA,NA,NA,NA,NA,NA,NA,"BRA","Latin America & Caribbean","Upper middle income",29.41966767,NA,NA
"HSG_CCSP",3,4,1.7163106680029,1.7163106680029,1.7163106680029,0.74114789556908,NA,NA,0.956737,0.596802554918349,0.562930100681035,0.00392072210228375,28.08,3,"Nearctic",99.75,14.81,587.76,12,2564.12,18.25,"USA","North America","High income",12.99387202,"Y",52.29
"HSG_HOS",5,4,3.03179911378543,3.03179911378543,3.03179911378543,0.74114789556908,0.018151,0.9324,0.92945,0.84993292336043,0.643690069777038,0.0242109072438914,31.63,0,"Nearctic",40.5,15.56,500,12,764.33,13.33,"USA","North America","High income",12.99387202,"N",0
"HSG_JSCP",5,4,2.76321769347847,2.76321769347847,2.76321769347847,0.74114789556908,0.003667,0.879634,0.87952,0.735343140794101,0.605766255871931,0.0138438693441257,38.36,0,"Nearctic",53,13.56,495,5,0,11,"USA","North America","High income",12.99387202,"N",0
"HSG_LFY",6,4,2.97059766647446,2.97059766647446,2.97059766647446,0.74114789556908,0.022073,0.813453,0.815428,0.690847019241895,0.557070169890724,0.0116894002263734,31.81,0,"Nearctic",123,14.57,519.88,12,2086.71,22.88,"USA","North America","High income",12.99387202,"N",0
"HSG_SLRP",8,4,4.30808654093914,4.30808654093914,4.30808654093914,0.74114789556908,0.15615,0.918463,0.936526,0.798697655903352,0.605515295111177,0.0152834487004356,24.92,2,"Nearctic",94.33,14.26,620.62,12,2823.02,21.88,"USA","North America","High income",12.99387202,"Y",64.44
"HSG_SMI",2,4,1.35453210472864,1.35453210472864,1.35453210472864,0.74114789556908,NA,NA,NA,0.759947015663164,0.614962590819054,0.00599617779572497,42.76,0,"Nearctic",10,15.25,586,12,0,8.5,"USA","North America","High income",12.99387202,"N",0
"HSG_TUP",4,4,2.48165859327083,2.48165859327083,2.48165859327083,0.74114789556908,NA,NA,0.954716,0.797780698127461,0.634462219660658,0.0149575232053375,NA,NA,"Nearctic",169,14.53,555.25,12,NA,14.67,"USA","North America","High income",12.99387202,"N",0.96
"HSG_WDLP",5,4,2.63081953188235,2.63081953188235,2.63081953188235,0.74114789556908,6e-04,0.891772,0.899432,0.684539282451899,0.564890232027358,0.00936173284183344,35.37,1,"Nearctic",96,14.07,529,5,1967.5,18,"USA","North America","High income",12.99387202,"N",0.14
"HSG_WP",4,4,2.47485627363891,2.47485627363891,2.47485627363891,0.74114789556908,NA,NA,0.954577,0.813285540366175,0.646655287544053,0.0213020949203881,32.73,0,"Nearctic",0,15.1,525.5,12,1375.25,18,"USA","North America","High income",12.99387202,"N",0
"ITBG",12,4,4.63482457512448,4.63482457512448,4.63482457512448,0.74114789556908,0.147941,0.850546,0.623575,0.846786573395634,0.648005281442886,0.0187609930265871,NA,NA,NA,NA,NA,NA,NA,NA,NA,NA,NA,NA,NA,NA,NA
"KNP_KNP",20,4,6.33029470979203,6.33029470979203,6.33029470979203,0.74114789556908,0.285147,0.905753,0.589823,0.776257843738592,0.606151863402311,0.0231971073711205,16,20,"Indo-Malay",81,26.37,1570.09,1,3359.58,21.84,"MYS","East Asia & Pacific","Upper middle income",19.11931656,"N",14.57
"LIH_LIH",14,4,5.30779974965537,5.30779974965537,5.30779974965537,0.74114789556908,0.251226,0.886038,0.635067,0.793636126962638,0.61459822709241,0.0724932609311289,0.61,687,"Neotropical",94.18,26.29,1338.77,1,4004.81,33.06,"GUY","Latin America & Caribbean","Upper middle income",8.737486809,"Y",63.55
"LLR_MA1",13,4,4.87807923725926,4.87807923725926,4.87807923725926,0.74114789556908,0.117778,0.878742,0.496957,0.816262084878588,0.629013880356885,0.021658074599406,5.54,249,"Neotropical",185,25.8,1482.66,1,4103.1,21.31,"MEX","Latin America & Caribbean","Upper middle income",14.5005326,"Y",83.85
"LLR_MA2",11,4,4.82353054721509,4.82353054721509,4.82353054721509,0.74114789556908,0.103515,0.866877,0.564349,0.761947435168358,0.603818833018627,0.0251552366537207,6.2,188,"Neotropical",183.5,25.92,1428.76,1,4109.9,21.86,"MEX","Latin America & Caribbean","Upper middle income",14.5005326,"Y",85.25
"LLR_PG",12,4,5.01828582251636,5.01828582251636,5.01828582251636,0.74114789556908,0.192756,0.902278,0.597979,0.799249275355944,0.618789327260225,0.0255737639551112,5.05,129,"Neotropical",161,25.86,1487.62,1,4114.24,25.18,"MEX","Latin America & Caribbean","Upper middle income",14.5005326,"N",0
"LLR_RA",8,4,3.73937916734849,3.73937916734849,3.73937916734849,0.74114789556908,0.052255,0.738098,0.598467,0.658978275959922,0.585073840244234,0.0313286527800877,5.78,177,"Neotropical",145.25,25.83,1434.4,1,4102.87,19.21,"MEX","Latin America & Caribbean","Upper middle income",14.5005326,"N",40.23
"MLM_MLM",21,4,7.42807578096129,7.42807578096129,7.42807578096129,0.74114789556908,0.31647,0.869613,0.586896,0.768013124513298,0.595040431089302,0.0269907471387833,NA,NA,NA,NA,NA,NA,NA,NA,NA,"BRA","Latin America & Caribbean","Upper middle income",29.41966767,NA,NA
"MMF_MMF",15,4,4.76973031528131,4.76973031528131,4.76973031528131,0.74114789556908,0.203323,0.858511,0.538098,0.813083022275344,0.633153613681173,0.0166646084556855,NA,NA,NA,NA,NA,NA,NA,NA,NA,"ESP","Europe & Central Asia","High income",28.06563365,NA,NA
"MSI_S1",15,4,4.4291137294954,4.4291137294954,4.4291137294954,0.74114789556908,0.054269,0.885491,0.556035,0.81007109108245,0.646381567295634,0.0149593553804383,5.26,230,"Nearctic",203,13.37,515.68,3,2394.11,19.08,"MEX","Latin America & Caribbean","Upper middle income",14.5005326,"Y",91.75
"MSI_S2",18,4,5.57953412372719,5.57953412372719,5.57953412372719,0.74114789556908,0.188321,0.857191,0.561862,0.794735866228055,0.614552831274502,0.020726987092049,4.23,342,"Nearctic",233,16.68,508.27,3,2340.35,16.04,"MEX","Latin America & Caribbean","Upper middle income",14.5005326,"Y",100
"MSI_S3",16,4,5.2669192747371,5.2669192747371,5.2669192747371,0.74114789556908,0.157618,0.872463,0.55966,0.775828926639025,0.607536446161728,0.0209801990902298,4.3,335,"Nearctic",233,16.66,509.06,3,2315.71,15.79,"MEX","Latin America & Caribbean","Upper middle income",14.5005326,"Y",100
"MSI_S4",20,4,5.89112252399948,5.89112252399948,5.89112252399948,0.74114789556908,0.190407,0.881116,0.539573,0.792543777756045,0.614235640026196,0.0187581911908312,1.13,443,"Nearctic",189,14.03,459.85,3,2353.61,17.29,"MEX","Latin America & Caribbean","Upper middle income",14.5005326,"Y",99.51
"MSI_S5",18,4,5.87554350857496,5.87554350857496,5.87554350857496,0.74114789556908,0.189196,0.852403,0.580028,0.787453287358217,0.609651597287023,0.0201701190885151,8.89,179,"Nearctic",189,14.54,354.66,3,1360.75,6.71,"MEX","Latin America & Caribbean","Upper middle income",14.5005326,"N",0
"MSI_S6",21,4,5.96930344378324,5.96930344378324,5.96930344378324,0.74114789556908,0.197105,0.874588,0.538927,0.77405785070177,0.604174530257634,0.017947345910131,9.09,74,"Nearctic",203,15.81,303.49,3,1111.61,6.91,"MEX","Latin America & Caribbean","Upper middle income",14.5005326,"Y",83.06
"MSI_S7",13,4,4.66962408912511,4.66962408912511,4.66962408912511,0.74114789556908,0.04043,0.882755,0.626312,0.793125548099639,0.631021782035488,0.0161063626159922,5.99,122,"Nearctic",189,14.77,340.88,3,1174.17,5.92,"MEX","Latin America & Caribbean","Upper middle income",14.5005326,"N",40.27
"MUA_MUA",28,4,7.55586872964769,7.55586872964769,7.55586872964769,0.74114789556908,0.403492,0.872426,0.566494,0.738775915219028,0.605472847878046,0.0211177758419578,15.34,58,"Afrotropical",138.18,20.11,911.46,1,2669.42,7.35,"ZAF","Sub-Saharan Africa","Upper middle income",7.998164921,"N",1.23
"OMB_OMB",13,4,4.53821280957174,4.53821280957174,4.53821280957174,0.74114789556908,0.112599,0.850783,0.602364,0.835144946172603,0.651805294922598,0.0292048010689683,NA,NA,NA,NA,NA,NA,NA,NA,NA,"BGR","Europe & Central Asia","Upper middle income",34.70358012,NA,NA
"OPM_OPM",25,4,6.68341753649936,6.68341753649936,6.68341753649936,0.74114789556908,0.285044,0.901411,0.452676,0.79160130233913,0.607822803402651,0.0502608118656799,6.19,7,"Neotropical",111.38,26.32,1431.33,1,3899.57,19.93,"BRA","Latin America & Caribbean","Upper middle income",29.41966767,"N",0
"PCM_PCM",8,4,3.76826387389118,3.76826387389118,3.76826387389118,0.74114789556908,0.005661,0.846186,0.648179,0.648315957138503,0.595310242705405,0.0261505832463716,14.26,20,"Neotropical",151,24.03,1064.5,1,3270.67,13.5,"MEX","Latin America & Caribbean","Upper middle income",14.5005326,"N",0
"PSL_PSL",16,4,5.9311255725447,5.9311255725447,5.9311255725447,0.74114789556908,0.248252,0.851931,0.638013,0.787686395481911,0.605899044399026,0.0219100494557185,7.46,90,"Indo-Malay",108,27.05,1675.03,1,3951.54,19.88,"MYS","East Asia & Pacific","Upper middle income",19.11931656,"N",5.71
"RHD_RHD",12,4,5.19321171520676,5.19321171520676,5.19321171520676,0.74114789556908,0.175172,0.903644,0.692894,0.794351189196795,0.618359388492587,0.019769286944736,NA,NA,NA,NA,NA,NA,NA,NA,NA,"USA","North America","High income",12.99387202,NA,NA
"Richardson_Richardson",12,4,4.59471752375276,4.59471752375276,4.59471752375276,0.74114789556908,0.141553,0.879819,0.607145,0.848722976611197,0.662265430781898,0.018865720785726,0,470,"Nearctic",165.42,-0.62,359.44,6,1890.29,11.59,"CAN","North America","High income",9.685573936,NA,32.35
"SBC-Peru_Laquipampa",15,4,5.8269971974995,5.8269971974995,5.8269971974995,0.74114789556908,0.208001,0.86557,0.584461,0.740529698995431,0.584159967564471,0.0142112057897774,6.86,267,"Neotropical",162,20.28,315.8,2,1888.91,6.38,"PER","Latin America & Caribbean","Upper middle income",21.31417279,NA,60.08
"SDS_SDS",11,4,4.77598705750204,4.77598705750204,4.77598705750204,0.74114789556908,0.171578,0.877951,0.704977,0.816384218754316,0.629063658883818,0.0135963407935021,NA,NA,NA,NA,NA,NA,NA,NA,NA,"USA","North America","High income",12.99387202,NA,NA
"SEA_SEA",44,4,10.3491116284794,10.3491116284794,10.3491116284794,0.74114789556908,0.604082,0.910306,0.563883,0.839091935225652,0.645069370403325,0.0382348865670274,1.11,318,"Afrotropical",169.57,23.82,387.08,7,1776.55,3.78,"BWA","Sub-Saharan Africa","Upper middle income",29.14323742,"Y",100
"SookeBlackBears_Sooke",9,4,3.82845544955383,3.82845544955383,3.82845544955383,0.74114789556908,0.101711,0.794329,0.678647,0.778529949930195,0.64963943786471,0.00896617727218826,19.23,26,"Nearctic",209,9.74,521.98,5,3239.89,11.31,"CAN","North America","High income",9.685573936,NA,0
"SRGT",37,4,9.18950031013815,9.18950031013815,9.18950031013815,0.74114789556908,0.588344,0.885432,0.54823,0.807073880107998,0.639587809405616,0.0309036831293735,6.73,116,"Afrotropical",202.26,20.31,746.54,7,1840.19,5.77,NA,NA,NA,NA,"Y",99.37
"TBP_TBP",28,4,8.09051572997152,8.09051572997152,8.09051572997152,0.74114789556908,0.330403,0.877157,0.515294,0.740866174393047,0.58451181391508,0.0291823517077717,18.8,24,"Neotropical",205.75,20.94,1073.99,1,2707.7,7.2,"BRA","Latin America & Caribbean","Upper middle income",29.41966767,"N",0
"TEAMS_BBS",33,4,8.26373457698551,8.26373457698551,8.26373457698551,0.74114789556908,0.495031,0.870604,0.534966,0.824196534202293,0.63225928965493,0.0251083962257799,8.2,123,"Indo-Malay",114.33,25.39,1639.74,1,3990.85,26.02,"IDN","East Asia & Pacific","Lower middle income",12.16569636,"Y",88.99
"TEAMS_BCI",22,4,6.67523513501092,6.67523513501092,6.67523513501092,0.74114789556908,0.207694,0.906319,0.49672,0.766920062471984,0.600006332490749,0.0157048451959036,10.9,56,"Neotropical",102.67,26.39,1241.85,1,3130.19,20.52,"PAN","Latin America & Caribbean","High income",20.89193998,"Y",61.29
"TEAMS_BIF",28,4,9.18450677446342,9.18450677446342,9.18450677446342,0.74114789556908,0.431084,0.935663,0.619777,0.79271243025151,0.60210224519288,0.0582922045989562,6.36,129,"Afrotropical",182.5,17.08,1101.31,1,3612.91,28.88,"UGA","Sub-Saharan Africa","Low income",16.06394963,"Y",73.19
"TEAMS_CAX",38,4,9.81476157757241,9.81476157757241,9.81476157757241,0.74114789556908,0.462712,0.898402,0.523669,0.819513492223487,0.636107207477112,0.0587490564233056,1.99,1272,"Neotropical",126,26.11,1390.2,1,3974.08,32.36,"BRA","Latin America & Caribbean","Upper middle income",29.41966767,"Y",99.33
"TEAMS_CSN",28,4,7.88992940495454,7.88992940495454,7.88992940495454,0.74114789556908,0.336638,0.871534,0.514716,0.804648173492586,0.626001188173697,0.0457066307857284,1.15,575,"Neotropical",126,26.76,1446.32,1,4067.3,30.93,"SUR","Latin America & Caribbean","Upper middle income",14.52013879,"Y",100
"TEAMS_KRP",21,4,7.68703725209513,7.68703725209513,7.68703725209513,0.74114789556908,0.332446,0.874207,0.662906,0.745935159939029,0.605787724328182,0.0339140387251595,4.41,588,"Afrotropical",70,25.69,1361.79,1,2602.67,34.18,"CMR","Sub-Saharan Africa","Lower middle income",10.60054641,"Y",96.1
"TEAMS_MAS",21,4,6.45922177654192,6.45922177654192,6.45922177654192,0.74114789556908,0.235469,0.878577,0.537363,0.803734783638291,0.621814271806322,0.0376602866223487,5.08,225,"Neotropical",100.67,26.37,1505.43,1,4005.4,29.08,"BRA","Latin America & Caribbean","Upper middle income",29.41966767,"Y",22.27
"TEAMS_NAK",23,4,6.44067329232673,6.44067329232673,6.44067329232673,0.74114789556908,0.309921,0.919045,0.529589,0.819418517810378,0.636394845631077,0.024050841469745,4.37,627,"Indo-Malay",141.33,22.75,1032.34,1,3606.3,29.83,"LAO","East Asia & Pacific","Lower middle income",16.68220563,"Y",100
"TEAMS_NNN",30,4,9.61215477091928,9.61215477091928,9.61215477091928,0.74114789556908,0.531931,0.896953,0.614765,0.816198114494147,0.624777947097225,0.0287288475394121,1,1882,"Afrotropical",209.67,24.52,1339.89,1,3987.36,38.8,"COG","Sub-Saharan Africa","Lower middle income",40.73803678,"Y",100
"TEAMS_PSH",29,4,8.07508718606837,8.07508718606837,8.07508718606837,0.74114789556908,0.473172,0.90377,0.580338,0.821126554777771,0.63149907736372,0.02582137433941,9.05,144,"Indo-Malay",143.25,26.33,1541.15,1,3836.74,21.75,"MYS","East Asia & Pacific","Upper middle income",19.11931656,"N",0
"TEAMS_RNF",21,4,6.28822743577073,6.28822743577073,6.28822743577073,0.74114789556908,0.171472,0.842276,0.529534,0.725796066559863,0.606472834935445,0.0507514584048685,5.98,412,"Afrotropical",214.75,18.16,1101.48,1,3765.91,30.41,"MDG","Sub-Saharan Africa","Low income",5.589556315,"Y",97.51
"TEAMS_UDZ",25,4,7.85134234995373,7.85134234995373,7.85134234995373,0.74114789556908,0.454657,0.900374,0.628562,0.815048176816698,0.625984431515478,0.03113697349193,5.89,358,"Afrotropical",220.5,20.71,927.17,7,3496.07,21.27,"TZA","Sub-Saharan Africa","Low income",38.14557627,"Y",98.14
"TEAMS_VB",24,4,6.52893172492328,6.52893172492328,6.52893172492328,0.74114789556908,0.255909,0.871777,0.46976,0.7910933637253,0.623183094366362,0.0153533680077938,9.01,81,"Neotropical",81,21.87,1432.6,1,3303.97,36.65,"CRI","Latin America & Caribbean","Upper middle income",27.60269532,"Y",83.89
"TEAMS_VIR",12,4,5.22751160167221,5.22751160167221,5.22751160167221,0.74114789556908,0.203192,0.867105,0.704002,0.784505701488686,0.624100452365559,0.0314692627378938,8.63,88,"Afrotropical",222,10.73,1036.54,1,2284.82,25.12,NA,NA,NA,NA,"Y",97.92
"TEAMS_YAN",23,4,7.11851669376837,7.11851669376837,7.11851669376837,0.74114789556908,0.291958,0.818496,0.561013,0.74094947000957,0.596354568744364,0.0310709831113116,1.57,742,"Neotropical",198,23.32,1556.48,1,3206.25,27.58,"PER","Latin America & Caribbean","Upper middle income",21.31417279,"Y",100
"TEAMS_YAS",29,4,7.07082436236506,7.07082436236506,7.07082436236506,0.74114789556908,0.208348,0.812455,0.484635,0.743775933144293,0.598532186503927,0.0446079313943657,3.52,144,"Neotropical",178.67,25.07,1648.74,1,3912.85,34.45,"ECU","Latin America & Caribbean","Upper middle income",21.68611893,"Y",98.02
"TFC_TFC",17,4,5.27393470931598,5.27393470931598,5.27393470931598,0.74114789556908,0.096733,0.860487,0.502497,0.657229452157882,0.621967086337135,0.0704827743596443,1.14,2184,"Neotropical",60.16,26.18,1686.02,1,3949.73,32.97,"PER","Latin America & Caribbean","Upper middle income",21.31417279,"Y",62.08
"TGU_TGU",8,4,3.25430767388815,3.25430767388815,3.25430767388815,0.74114789556908,0.041356,0.935324,0.564908,0.785090029645073,0.624741038399741,0.015322930774289,NA,NA,NA,NA,NA,NA,NA,NA,NA,"DEU","Europe & Central Asia","High income",37.75192302,NA,NA
"TMA_IABJ",9,4,4.1047257143661,4.1047257143661,4.1047257143661,0.74114789556908,0.086532,0.916358,0.748357,0.783182958606024,0.601102105778864,0.0182643075273856,0.47,182,"Neotropical",209,26.47,1263.41,1,3875.14,26.99,"BRA","Latin America & Caribbean","Upper middle income",29.41966767,"N",0
"TMA_IAER",9,4,3.8441981619795,3.8441981619795,3.8441981619795,0.74114789556908,0.076975,0.767599,0.636487,0.651497947790766,0.581393879600597,0.0393383318634081,4.17,234,"Neotropical",175.5,26.68,1342.29,1,3846.11,23.36,"BRA","Latin America & Caribbean","Upper middle income",29.41966767,"N",0
"TMA_PAM",10,4,4.23652312416272,4.23652312416272,4.23652312416272,0.74114789556908,0.162827,0.886449,0.658943,0.839432988736127,0.641083832126078,0.0709635343672163,1.27,121,"Neotropical",91.83,26.62,1229.42,1,3983.26,28.04,"BRA","Latin America & Caribbean","Upper middle income",29.41966767,"Y",68.71
"TMA_PAU",14,4,5.17356678449847,5.17356678449847,5.17356678449847,0.74114789556908,0.189589,0.857578,0.588066,0.800559435103648,0.617778145719558,0.0750532780259045,0.06,919,"Neotropical",0,26.27,1433.47,1,3941.35,31.98,"BRA","Latin America & Caribbean","Upper middle income",29.41966767,"Y",78.7
"TMC_TMC",31,4,8.43241881906719,8.43241881906719,8.43241881906719,0.74114789556908,0.395385,0.908043,0.48265,0.78551767591021,0.605387402273379,0.0220139589549131,5.5,149,"Neotropical",159.78,19.84,1405.63,1,4002.96,21.96,"ARG","Latin America & Caribbean","High income",8.808251416,"N",32.95
"VEF_RPSP",17,4,5.95898857558169,5.95898857558169,5.95898857558169,0.74114789556908,0.267024,0.875879,0.601651,0.794829580682855,0.607381651135352,0.0572225793621714,3.26,118,"Neotropical",160,19.83,1081,7,2133.89,0.37,"BRA","Latin America & Caribbean","Upper middle income",29.41966767,"N",57.17
"VEF_SVNP",17,4,6.16314539265842,6.16314539265842,6.16314539265842,0.74114789556908,0.132409,0.862243,0.556276,0.731180845259027,0.579614804406493,0.0665527446322437,2.72,242,"Neotropical",164,20,1045.9,1,2067.5,1.32,"BRA","Latin America & Caribbean","Upper middle income",29.41966767,"Y",80.81
"XSBN_BL",11,4,4.52940700468113,4.52940700468113,4.52940700468113,0.74114789556908,0.177136,0.90537,0.679699,0.839455186931878,0.640430024537426,0.0299403209535824,7.32,303,"Indo-Malay",182,19.64,1025.83,1,3564.95,19.28,"CHN","East Asia & Pacific","Upper middle income",15.44904196,"Y",0
"XSBN_MG",3,4,1.98429442979779,1.98429442979779,1.98429442979779,0.74114789556908,NA,NA,0.887043,0.775007818703109,0.6255256213194,0.00872216955242282,9.25,229,"Indo-Malay",225,19.39,1031.68,1,3597.76,17.43,"CHN","East Asia & Pacific","Upper middle income",15.44904196,"Y",8.83
"XSBN_MLG",15,4,5.24078438462216,5.24078438462216,5.24078438462216,0.74114789556908,0.108019,0.850725,0.681567,0.776304539007431,0.609281317109392,0.0167235946780377,6.67,512,"Indo-Malay",178.54,20.28,1088.19,1,3645.18,18.84,"CHN","East Asia & Pacific","Upper middle income",15.44904196,"Y",67.34
"XSBN_MLU",5,4,2.27026200748659,2.27026200748659,2.27026200748659,0.74114789556908,1.6e-05,0.764691,0.379577,0.658994708114422,0.650668541714623,0.0138701522665276,7.26,62,"Indo-Malay",200.67,21.46,1083.05,1,3906.29,19.16,"CHN","East Asia & Pacific","Upper middle income",15.44904196,"Y",3.97
"XSBN_MS",7,4,3.09894548901376,3.09894548901376,3.09894548901376,0.74114789556908,0.00081,0.851596,0.639179,0.737233100369814,0.607463540844251,0.0090269642080004,7.34,344,"Indo-Malay",209.5,19.66,1031.79,1,3494.36,20.46,"CHN","East Asia & Pacific","Upper middle income",15.44904196,"Y",0
"XSBN_NBH",14,4,5.95675524937151,5.95675524937151,5.95675524937151,0.74114789556908,0.308683,0.864378,0.782566,0.800760973140752,0.615664839794703,0.0201203540498519,7.38,103,"Indo-Malay",205.5,19.52,1019.9,1,3446.58,16.27,"CHN","East Asia & Pacific","Upper middle income",15.44904196,"Y",39.46
"YUNNAN_BAIMA",15,4,5.24408692360655,5.24408692360655,5.24408692360655,0.74114789556908,0.208079,0.842704,0.650865,0.735202107716564,0.594344836323288,0.0175680226041436,5.27,446,"Palearctic",255,4,580.75,5,2477.64,34.14,NA,NA,NA,NA,NA,100
"YUNNAN_WULIANG",17,4,5.6362249906927,5.6362249906927,5.6362249906927,0.74114789556908,0.29742,0.919238,0.624111,0.834946483914857,0.63356988405526,0.0182286371083438,8.41,138,"Palearctic",225.5,13.16,825.49,1,2677.5,25.86,NA,NA,NA,NA,NA,0
